<?xml version="1.0" encoding="UTF-8"?>
<configuration scan="false">
    <property name="LOG_HOME" value="logs" />
    <appender name="STDOUT" class="ch.qos.logback.core.ConsoleAppender">
        <encoder>
            <pattern>[%d{HH:mm:ss}] [%thread/%level]: %message [%logger:%line]%n</pattern>
        </encoder>
    </appender>
    <appender name="all" class="ch.qos.logback.core.rolling.RollingFileAppender">
        <File>${LOG_HOME}/latest.log</File>
        <rollingPolicy class="ch.qos.logback.core.rolling.SizeAndTimeBasedRollingPolicy">
            <FileNamePattern>${LOG_HOME}/latest.%d{yyyy-MM-dd}.%i.log</FileNamePattern>
            <maxHistory>15</maxHistory>
            <maxFileSize>50MB</maxFileSize>
            <totalSizeCap>1024MB</totalSizeCap>
        </rollingPolicy>
        <encoder>
            <pattern>[%d{HH:mm:ss}] [%thread/%level]: %message [%logger:%line]%n</pattern>
        </encoder>
    </appender>
    <appender name="error" class="ch.qos.logback.core.rolling.RollingFileAppender">
        <File>${LOG_HOME}/error.log</File>
        <rollingPolicy class="ch.qos.logback.core.rolling.SizeAndTimeBasedRollingPolicy">
            <FileNamePattern>${LOG_HOME}/error.%d{yyyy-MM-dd}.%i.log</FileNamePattern>
            <maxHistory>15</maxHistory>
            <maxFileSize>50MB</maxFileSize>
            <totalSizeCap>1024MB</totalSizeCap>
        </rollingPolicy>
        <encoder>
            <pattern>[%d{HH:mm:ss}] [%thread/%level]: %message [%logger:%line]%n</pattern>
        </encoder>
        <filter class="ch.qos.logback.classic.filter.LevelFilter">
            <level>ERROR</level>
            <onMatch>ACCEPT</onMatch>
            <onMismatch>DENY</onMismatch>
        </filter>
    </appender>
    <root level="DEBUG">
        <appender-ref ref="STDOUT" />
        <appender-ref ref="all" />
        <appender-ref ref="error" />
    </root>
</configuration>
